1597654137,airline_a10.k1.1_0.uniform,/home/ubuntu/correlations/continuous/airline/airline_a10.k1.1_0.data,/home/ubuntu/correlations/continuous/airline/queries_1_w21600_uniform.dat,1000,sum,/home/ubuntu/correlations/continuous/airline/airline_a10.k1.1_0.outliers,5142745,/home/ubuntu/correlations/continuous/airline/airline_a10.k1.1_0.mapping,/home/ubuntu/correlations/continuous/airline/airline_a10.k1.1_0.targets,,85360496,0,4663631175241860,65793.1,9451721
1597686464,airline_a10.k1.12_9.uniform,/home/ubuntu/correlations/continuous/airline/airline_a10.k1.12_9.data,/home/ubuntu/correlations/continuous/airline/queries_12_w1_uniform.dat,1000,sum,/home/ubuntu/correlations/continuous/airline/airline_a10.k1.12_9.outliers,1470322,/home/ubuntu/correlations/continuous/airline/airline_a10.k1.12_9.mapping,/home/ubuntu/correlations/continuous/airline/airline_a10.k1.12_9.targets,,24410336,0,167325984433,5.02722e+07,11678476844
1597654317,airline_a10.k1.3_0.uniform,/home/ubuntu/correlations/continuous/airline/airline_a10.k1.3_0.data,/home/ubuntu/correlations/continuous/airline/queries_3_w21600_uniform.dat,1000,sum,/home/ubuntu/correlations/continuous/airline/airline_a10.k1.3_0.outliers,897936,/home/ubuntu/correlations/continuous/airline/airline_a10.k1.3_0.mapping,/home/ubuntu/correlations/continuous/airline/airline_a10.k1.3_0.targets,,17438304,0,4567799526869400,76230.3,12406486
1597654151,airline_a15.k1.1_0.uniform,/home/ubuntu/correlations/continuous/airline/airline_a15.k1.1_0.data,/home/ubuntu/correlations/continuous/airline/queries_1_w21600_uniform.dat,1000,sum,/home/ubuntu/correlations/continuous/airline/airline_a15.k1.1_0.outliers,3391159,/home/ubuntu/correlations/continuous/airline/airline_a15.k1.1_0.mapping,/home/ubuntu/correlations/continuous/airline/airline_a15.k1.1_0.targets,,57362224,0,4663631175241860,74879.9,11013363
1597686522,airline_a15.k1.12_9.uniform,/home/ubuntu/correlations/continuous/airline/airline_a15.k1.12_9.data,/home/ubuntu/correlations/continuous/airline/queries_12_w1_uniform.dat,1000,sum,/home/ubuntu/correlations/continuous/airline/airline_a15.k1.12_9.outliers,847251,/home/ubuntu/correlations/continuous/airline/airline_a15.k1.12_9.mapping,/home/ubuntu/correlations/continuous/airline/airline_a15.k1.12_9.targets,,14465424,0,167325984433,5.38616e+07,12469753113
1597654332,airline_a15.k1.3_0.uniform,/home/ubuntu/correlations/continuous/airline/airline_a15.k1.3_0.data,/home/ubuntu/correlations/continuous/airline/queries_3_w21600_uniform.dat,1000,sum,/home/ubuntu/correlations/continuous/airline/airline_a15.k1.3_0.outliers,850683,/home/ubuntu/correlations/continuous/airline/airline_a15.k1.3_0.mapping,/home/ubuntu/correlations/continuous/airline/airline_a15.k1.3_0.targets,,16716016,0,4567799526869400,76281.2,12487049
1597654106,airline_a1.k1.1_0.uniform,/home/ubuntu/correlations/continuous/airline/airline_a1.k1.1_0.data,/home/ubuntu/correlations/continuous/airline/queries_1_w21600_uniform.dat,1000,sum,/home/ubuntu/correlations/continuous/airline/airline_a1.k1.1_0.outliers,8492278,/home/ubuntu/correlations/continuous/airline/airline_a1.k1.1_0.mapping,/home/ubuntu/correlations/continuous/airline/airline_a1.k1.1_0.targets,,138918464,0,4663631175241860,60523.9,8112525
1597686363,airline_a1.k1.12_9.uniform,/home/ubuntu/correlations/continuous/airline/airline_a1.k1.12_9.data,/home/ubuntu/correlations/continuous/airline/queries_12_w1_uniform.dat,1000,sum,/home/ubuntu/correlations/continuous/airline/airline_a1.k1.12_9.outliers,34877608,/home/ubuntu/correlations/continuous/airline/airline_a1.k1.12_9.mapping,/home/ubuntu/correlations/continuous/airline/airline_a1.k1.12_9.targets,,558670912,0,167325984433,2.19839e+07,5017375570
1597654288,airline_a1.k1.3_0.uniform,/home/ubuntu/correlations/continuous/airline/airline_a1.k1.3_0.data,/home/ubuntu/correlations/continuous/airline/queries_3_w21600_uniform.dat,1000,sum,/home/ubuntu/correlations/continuous/airline/airline_a1.k1.3_0.outliers,7984289,/home/ubuntu/correlations/continuous/airline/airline_a1.k1.3_0.mapping,/home/ubuntu/correlations/continuous/airline/airline_a1.k1.3_0.targets,,130308944,0,4567799526869400,70945.6,11205069
1597654166,airline_a20.k1.1_0.uniform,/home/ubuntu/correlations/continuous/airline/airline_a20.k1.1_0.data,/home/ubuntu/correlations/continuous/airline/queries_1_w21600_uniform.dat,1000,sum,/home/ubuntu/correlations/continuous/airline/airline_a20.k1.1_0.outliers,2182147,/home/ubuntu/correlations/continuous/airline/airline_a20.k1.1_0.mapping,/home/ubuntu/correlations/continuous/airline/airline_a20.k1.1_0.targets,,38055408,0,4663631175241860,77737.3,12284524
1597686582,airline_a20.k1.12_9.uniform,/home/ubuntu/correlations/continuous/airline/airline_a20.k1.12_9.data,/home/ubuntu/correlations/continuous/airline/queries_12_w1_uniform.dat,1000,sum,/home/ubuntu/correlations/continuous/airline/airline_a20.k1.12_9.outliers,587030,/home/ubuntu/correlations/continuous/airline/airline_a20.k1.12_9.mapping,/home/ubuntu/correlations/continuous/airline/airline_a20.k1.12_9.targets,,10318368,0,167325984433,5.58055e+07,12905065186
1597654346,airline_a20.k1.3_0.uniform,/home/ubuntu/correlations/continuous/airline/airline_a20.k1.3_0.data,/home/ubuntu/correlations/continuous/airline/queries_3_w21600_uniform.dat,1000,sum,/home/ubuntu/correlations/continuous/airline/airline_a20.k1.3_0.outliers,808423,/home/ubuntu/correlations/continuous/airline/airline_a20.k1.3_0.mapping,/home/ubuntu/correlations/continuous/airline/airline_a20.k1.3_0.targets,,16078704,0,4567799526869400,76880.2,12572157
1597654181,airline_a30.k1.1_0.uniform,/home/ubuntu/correlations/continuous/airline/airline_a30.k1.1_0.data,/home/ubuntu/correlations/continuous/airline/queries_1_w21600_uniform.dat,1000,sum,/home/ubuntu/correlations/continuous/airline/airline_a30.k1.1_0.outliers,1103352,/home/ubuntu/correlations/continuous/airline/airline_a30.k1.1_0.mapping,/home/ubuntu/correlations/continuous/airline/airline_a30.k1.1_0.targets,,20870464,0,4663631175241860,86323.9,14086736
1597686644,airline_a30.k1.12_9.uniform,/home/ubuntu/correlations/continuous/airline/airline_a30.k1.12_9.data,/home/ubuntu/correlations/continuous/airline/queries_12_w1_uniform.dat,1000,sum,/home/ubuntu/correlations/continuous/airline/airline_a30.k1.12_9.outliers,334373,/home/ubuntu/correlations/continuous/airline/airline_a30.k1.12_9.mapping,/home/ubuntu/correlations/continuous/airline/airline_a30.k1.12_9.targets,,6296560,0,167325984433,5.84539e+07,13567231561
1597654361,airline_a30.k1.3_0.uniform,/home/ubuntu/correlations/continuous/airline/airline_a30.k1.3_0.data,/home/ubuntu/correlations/continuous/airline/queries_3_w21600_uniform.dat,1000,sum,/home/ubuntu/correlations/continuous/airline/airline_a30.k1.3_0.outliers,714690,/home/ubuntu/correlations/continuous/airline/airline_a30.k1.3_0.mapping,/home/ubuntu/correlations/continuous/airline/airline_a30.k1.3_0.targets,,14667840,0,4567799526869400,76845,12813770
1597654195,airline_a50.k1.1_0.uniform,/home/ubuntu/correlations/continuous/airline/airline_a50.k1.1_0.data,/home/ubuntu/correlations/continuous/airline/queries_1_w21600_uniform.dat,1000,sum,/home/ubuntu/correlations/continuous/airline/airline_a50.k1.1_0.outliers,450569,/home/ubuntu/correlations/continuous/airline/airline_a50.k1.1_0.mapping,/home/ubuntu/correlations/continuous/airline/airline_a50.k1.1_0.targets,,10555792,0,4663631175241860,95323.8,15993252
1597686709,airline_a50.k1.12_9.uniform,/home/ubuntu/correlations/continuous/airline/airline_a50.k1.12_9.data,/home/ubuntu/correlations/continuous/airline/queries_12_w1_uniform.dat,1000,sum,/home/ubuntu/correlations/continuous/airline/airline_a50.k1.12_9.outliers,164595,/home/ubuntu/correlations/continuous/airline/airline_a50.k1.12_9.mapping,/home/ubuntu/correlations/continuous/airline/airline_a50.k1.12_9.targets,,3601392,0,167325984433,6.1636e+07,14313588766
1597654376,airline_a50.k1.3_0.uniform,/home/ubuntu/correlations/continuous/airline/airline_a50.k1.3_0.data,/home/ubuntu/correlations/continuous/airline/queries_3_w21600_uniform.dat,1000,sum,/home/ubuntu/correlations/continuous/airline/airline_a50.k1.3_0.outliers,561136,/home/ubuntu/correlations/continuous/airline/airline_a50.k1.3_0.mapping,/home/ubuntu/correlations/continuous/airline/airline_a50.k1.3_0.targets,,12370944,0,4567799526869400,80877.7,13553515
1597654122,airline_a5.k1.1_0.uniform,/home/ubuntu/correlations/continuous/airline/airline_a5.k1.1_0.data,/home/ubuntu/correlations/continuous/airline/queries_1_w21600_uniform.dat,1000,sum,/home/ubuntu/correlations/continuous/airline/airline_a5.k1.1_0.outliers,7311683,/home/ubuntu/correlations/continuous/airline/airline_a5.k1.1_0.mapping,/home/ubuntu/correlations/continuous/airline/airline_a5.k1.1_0.targets,,120046608,0,4663631175241860,60962.9,8381951
1597686410,airline_a5.k1.12_9.uniform,/home/ubuntu/correlations/continuous/airline/airline_a5.k1.12_9.data,/home/ubuntu/correlations/continuous/airline/queries_12_w1_uniform.dat,1000,sum,/home/ubuntu/correlations/continuous/airline/airline_a5.k1.12_9.outliers,3737998,/home/ubuntu/correlations/continuous/airline/airline_a5.k1.12_9.mapping,/home/ubuntu/correlations/continuous/airline/airline_a5.k1.12_9.targets,,60647168,0,167325984433,4.38943e+07,10225692118
1597654303,airline_a5.k1.3_0.uniform,/home/ubuntu/correlations/continuous/airline/airline_a5.k1.3_0.data,/home/ubuntu/correlations/continuous/airline/queries_3_w21600_uniform.dat,1000,sum,/home/ubuntu/correlations/continuous/airline/airline_a5.k1.3_0.outliers,1034649,/home/ubuntu/correlations/continuous/airline/airline_a5.k1.3_0.mapping,/home/ubuntu/correlations/continuous/airline/airline_a5.k1.3_0.targets,,19605040,0,4567799526869400,76395.4,12330953
1597654092,airline_cm.k1.1_0.uniform,/home/ubuntu/correlations/continuous/airline/airline_cm.k1.1_0.data,/home/ubuntu/correlations/continuous/airline/queries_1_w21600_uniform.dat,1000,sum,/home/ubuntu/correlations/continuous/airline/airline_cm.k1.1_0.outliers,0,/home/ubuntu/correlations/continuous/airline/airline_cm.k1.1_0.mapping,/home/ubuntu/correlations/continuous/airline/airline_cm.k1.1_0.targets,,3928288,0,4663631175241860,118873,22109216
1597686336,airline_cm.k1.12_9.uniform,/home/ubuntu/correlations/continuous/airline/airline_cm.k1.12_9.data,/home/ubuntu/correlations/continuous/airline/queries_12_w1_uniform.dat,1000,sum,/home/ubuntu/correlations/continuous/airline/airline_cm.k1.12_9.outliers,0,/home/ubuntu/correlations/continuous/airline/airline_cm.k1.12_9.mapping,/home/ubuntu/correlations/continuous/airline/airline_cm.k1.12_9.targets,,1289856,0,167325984433,9.40719e+07,21935775290
1597654273,airline_cm.k1.3_0.uniform,/home/ubuntu/correlations/continuous/airline/airline_cm.k1.3_0.data,/home/ubuntu/correlations/continuous/airline/queries_3_w21600_uniform.dat,1000,sum,/home/ubuntu/correlations/continuous/airline/airline_cm.k1.3_0.outliers,0,/home/ubuntu/correlations/continuous/airline/airline_cm.k1.3_0.mapping,/home/ubuntu/correlations/continuous/airline/airline_cm.k1.3_0.targets,,4625472,0,4567799526869400,135792,26684042
1597654087,airline_secondary.1_0.uniform,/home/ubuntu/correlations/continuous/airline/airline_cm.k1.1_0.data,/home/ubuntu/correlations/continuous/airline/queries_1_w21600_uniform.dat,1000,sum,,0,,,,1555080872,0,4663631175241860,267653,4161159
1597686238,airline_secondary.12_9.uniform,/home/ubuntu/correlations/continuous/airline/airline_cm.k1.12_9.data,/home/ubuntu/correlations/continuous/airline/queries_12_w1_uniform.dat,1000,sum,,0,,,,1555080872,0,167325984433,2.96659e+07,436066199
1597654269,airline_secondary.3_0.uniform,/home/ubuntu/correlations/continuous/airline/airline_cm.k1.3_0.data,/home/ubuntu/correlations/continuous/airline/queries_3_w21600_uniform.dat,1000,sum,,0,,,,1555080872,0,4567799526869400,345523,4108636
1597646826,chicago_taxi_a10.k1.2_3.uniform,/home/ubuntu/correlations/continuous/chicago_taxi/chicago_taxi_a10.k1.2_3.data,/home/ubuntu/correlations/continuous/chicago_taxi/queries_2_w60_uniform.dat,1000,sum,/home/ubuntu/correlations/continuous/chicago_taxi/chicago_taxi_a10.k1.2_3.outliers,375792,/home/ubuntu/correlations/continuous/chicago_taxi/chicago_taxi_a10.k1.2_3.mapping,/home/ubuntu/correlations/continuous/chicago_taxi/chicago_taxi_a10.k1.2_3.targets,,6537888,0,4637550794,4.90658e+07,11064481930
1597649586,chicago_taxi_a10.k1.4_2.uniform,/home/ubuntu/correlations/continuous/chicago_taxi/chicago_taxi_a10.k1.4_2.data,/home/ubuntu/correlations/continuous/chicago_taxi/queries_4_w100_uniform.dat,1000,sum,/home/ubuntu/correlations/continuous/chicago_taxi/chicago_taxi_a10.k1.4_2.outliers,380924,/home/ubuntu/correlations/continuous/chicago_taxi/chicago_taxi_a10.k1.4_2.mapping,/home/ubuntu/correlations/continuous/chicago_taxi/chicago_taxi_a10.k1.4_2.targets,,6938944,0,69907759889,1.71563e+07,3885306467
1597647780,chicago_taxi_a10.k1.4_3.uniform,/home/ubuntu/correlations/continuous/chicago_taxi/chicago_taxi_a10.k1.4_3.data,/home/ubuntu/correlations/continuous/chicago_taxi/queries_4_w100_uniform.dat,1000,sum,/home/ubuntu/correlations/continuous/chicago_taxi/chicago_taxi_a10.k1.4_3.outliers,398714,/home/ubuntu/correlations/continuous/chicago_taxi/chicago_taxi_a10.k1.4_3.mapping,/home/ubuntu/correlations/continuous/chicago_taxi/chicago_taxi_a10.k1.4_3.targets,,6752384,0,3158359616,3.03032e+07,6855947485
1597648861,chicago_taxi_a10.k1.5_3.uniform,/home/ubuntu/correlations/continuous/chicago_taxi/chicago_taxi_a10.k1.5_3.data,/home/ubuntu/correlations/continuous/chicago_taxi/queries_5_w100_uniform.dat,1000,sum,/home/ubuntu/correlations/continuous/chicago_taxi/chicago_taxi_a10.k1.5_3.outliers,320285,/home/ubuntu/correlations/continuous/chicago_taxi/chicago_taxi_a10.k1.5_3.mapping,/home/ubuntu/correlations/continuous/chicago_taxi/chicago_taxi_a10.k1.5_3.targets,,5213552,0,14837495741,4.3228e+07,9546198887
1597646891,chicago_taxi_a15.k1.2_3.uniform,/home/ubuntu/correlations/continuous/chicago_taxi/chicago_taxi_a15.k1.2_3.data,/home/ubuntu/correlations/continuous/chicago_taxi/queries_2_w60_uniform.dat,1000,sum,/home/ubuntu/correlations/continuous/chicago_taxi/chicago_taxi_a15.k1.2_3.outliers,302907,/home/ubuntu/correlations/continuous/chicago_taxi/chicago_taxi_a15.k1.2_3.mapping,/home/ubuntu/correlations/continuous/chicago_taxi/chicago_taxi_a15.k1.2_3.targets,,5379024,0,4637550794,5.03042e+07,11548681064
1597649619,chicago_taxi_a15.k1.4_2.uniform,/home/ubuntu/correlations/continuous/chicago_taxi/chicago_taxi_a15.k1.4_2.data,/home/ubuntu/correlations/continuous/chicago_taxi/queries_4_w100_uniform.dat,1000,sum,/home/ubuntu/correlations/continuous/chicago_taxi/chicago_taxi_a15.k1.4_2.outliers,301164,/home/ubuntu/correlations/continuous/chicago_taxi/chicago_taxi_a15.k1.4_2.mapping,/home/ubuntu/correlations/continuous/chicago_taxi/chicago_taxi_a15.k1.4_2.targets,,5666496,0,69907759889,1.82518e+07,4117691358
1597647830,chicago_taxi_a15.k1.4_3.uniform,/home/ubuntu/correlations/continuous/chicago_taxi/chicago_taxi_a15.k1.4_3.data,/home/ubuntu/correlations/continuous/chicago_taxi/queries_4_w100_uniform.dat,1000,sum,/home/ubuntu/correlations/continuous/chicago_taxi/chicago_taxi_a15.k1.4_3.outliers,267266,/home/ubuntu/correlations/continuous/chicago_taxi/chicago_taxi_a15.k1.4_3.mapping,/home/ubuntu/correlations/continuous/chicago_taxi/chicago_taxi_a15.k1.4_3.targets,,4651968,0,3158359616,3.52884e+07,7973291579
1597648926,chicago_taxi_a15.k1.5_3.uniform,/home/ubuntu/correlations/continuous/chicago_taxi/chicago_taxi_a15.k1.5_3.data,/home/ubuntu/correlations/continuous/chicago_taxi/queries_5_w100_uniform.dat,1000,sum,/home/ubuntu/correlations/continuous/chicago_taxi/chicago_taxi_a15.k1.5_3.outliers,229602,/home/ubuntu/correlations/continuous/chicago_taxi/chicago_taxi_a15.k1.5_3.mapping,/home/ubuntu/correlations/continuous/chicago_taxi/chicago_taxi_a15.k1.5_3.targets,,3765056,0,14837495741,5.1063e+07,11276396724
1597646704,chicago_taxi_a1.k1.2_3.uniform,/home/ubuntu/correlations/continuous/chicago_taxi/chicago_taxi_a1.k1.2_3.data,/home/ubuntu/correlations/continuous/chicago_taxi/queries_2_w60_uniform.dat,1000,sum,/home/ubuntu/correlations/continuous/chicago_taxi/chicago_taxi_a1.k1.2_3.outliers,2282341,/home/ubuntu/correlations/continuous/chicago_taxi/chicago_taxi_a1.k1.2_3.mapping,/home/ubuntu/correlations/continuous/chicago_taxi/chicago_taxi_a1.k1.2_3.targets,,36979280,0,4637550794,2.74634e+07,6163058027
1597649525,chicago_taxi_a1.k1.4_2.uniform,/home/ubuntu/correlations/continuous/chicago_taxi/chicago_taxi_a1.k1.4_2.data,/home/ubuntu/correlations/continuous/chicago_taxi/queries_4_w100_uniform.dat,1000,sum,/home/ubuntu/correlations/continuous/chicago_taxi/chicago_taxi_a1.k1.4_2.outliers,2834978,/home/ubuntu/correlations/continuous/chicago_taxi/chicago_taxi_a1.k1.4_2.mapping,/home/ubuntu/correlations/continuous/chicago_taxi/chicago_taxi_a1.k1.4_2.targets,,46092032,0,69907759889,9.52615e+06,2137583002
1597647699,chicago_taxi_a1.k1.4_3.uniform,/home/ubuntu/correlations/continuous/chicago_taxi/chicago_taxi_a1.k1.4_3.data,/home/ubuntu/correlations/continuous/chicago_taxi/queries_4_w100_uniform.dat,1000,sum,/home/ubuntu/correlations/continuous/chicago_taxi/chicago_taxi_a1.k1.4_3.outliers,1956668,/home/ubuntu/correlations/continuous/chicago_taxi/chicago_taxi_a1.k1.4_3.mapping,/home/ubuntu/correlations/continuous/chicago_taxi/chicago_taxi_a1.k1.4_3.targets,,31638496,0,3158359616,1.3622e+07,3024304468
1597648755,chicago_taxi_a1.k1.5_3.uniform,/home/ubuntu/correlations/continuous/chicago_taxi/chicago_taxi_a1.k1.5_3.data,/home/ubuntu/correlations/continuous/chicago_taxi/queries_5_w100_uniform.dat,1000,sum,/home/ubuntu/correlations/continuous/chicago_taxi/chicago_taxi_a1.k1.5_3.outliers,2310284,/home/ubuntu/correlations/continuous/chicago_taxi/chicago_taxi_a1.k1.5_3.mapping,/home/ubuntu/correlations/continuous/chicago_taxi/chicago_taxi_a1.k1.5_3.targets,,37030752,0,14837465221,2.81432e+07,6054568244
1597646959,chicago_taxi_a20.k1.2_3.uniform,/home/ubuntu/correlations/continuous/chicago_taxi/chicago_taxi_a20.k1.2_3.data,/home/ubuntu/correlations/continuous/chicago_taxi/queries_2_w60_uniform.dat,1000,sum,/home/ubuntu/correlations/continuous/chicago_taxi/chicago_taxi_a20.k1.2_3.outliers,259145,/home/ubuntu/correlations/continuous/chicago_taxi/chicago_taxi_a20.k1.2_3.mapping,/home/ubuntu/correlations/continuous/chicago_taxi/chicago_taxi_a20.k1.2_3.targets,,4684624,0,4637550794,5.43322e+07,12306249501
1597649653,chicago_taxi_a20.k1.4_2.uniform,/home/ubuntu/correlations/continuous/chicago_taxi/chicago_taxi_a20.k1.4_2.data,/home/ubuntu/correlations/continuous/chicago_taxi/queries_4_w100_uniform.dat,1000,sum,/home/ubuntu/correlations/continuous/chicago_taxi/chicago_taxi_a20.k1.4_2.outliers,248331,/home/ubuntu/correlations/continuous/chicago_taxi/chicago_taxi_a20.k1.4_2.mapping,/home/ubuntu/correlations/continuous/chicago_taxi/chicago_taxi_a20.k1.4_2.targets,,4823376,0,69907759889,1.91438e+07,4337166714
1597647880,chicago_taxi_a20.k1.4_3.uniform,/home/ubuntu/correlations/continuous/chicago_taxi/chicago_taxi_a20.k1.4_3.data,/home/ubuntu/correlations/continuous/chicago_taxi/queries_4_w100_uniform.dat,1000,sum,/home/ubuntu/correlations/continuous/chicago_taxi/chicago_taxi_a20.k1.4_3.outliers,234963,/home/ubuntu/correlations/continuous/chicago_taxi/chicago_taxi_a20.k1.4_3.mapping,/home/ubuntu/correlations/continuous/chicago_taxi/chicago_taxi_a20.k1.4_3.targets,,4137264,0,3158359616,3.62576e+07,8369406827
1597648993,chicago_taxi_a20.k1.5_3.uniform,/home/ubuntu/correlations/continuous/chicago_taxi/chicago_taxi_a20.k1.5_3.data,/home/ubuntu/correlations/continuous/chicago_taxi/queries_5_w100_uniform.dat,1000,sum,/home/ubuntu/correlations/continuous/chicago_taxi/chicago_taxi_a20.k1.5_3.outliers,208192,/home/ubuntu/correlations/continuous/chicago_taxi/chicago_taxi_a20.k1.5_3.mapping,/home/ubuntu/correlations/continuous/chicago_taxi/chicago_taxi_a20.k1.5_3.targets,,3423712,0,14837495741,5.20996e+07,11587896225
1597647031,chicago_taxi_a30.k1.2_3.uniform,/home/ubuntu/correlations/continuous/chicago_taxi/chicago_taxi_a30.k1.2_3.data,/home/ubuntu/correlations/continuous/chicago_taxi/queries_2_w60_uniform.dat,1000,sum,/home/ubuntu/correlations/continuous/chicago_taxi/chicago_taxi_a30.k1.2_3.outliers,221806,/home/ubuntu/correlations/continuous/chicago_taxi/chicago_taxi_a30.k1.2_3.mapping,/home/ubuntu/correlations/continuous/chicago_taxi/chicago_taxi_a30.k1.2_3.targets,,4096480,0,4637550794,5.75387e+07,13021349294
1597649687,chicago_taxi_a30.k1.4_2.uniform,/home/ubuntu/correlations/continuous/chicago_taxi/chicago_taxi_a30.k1.4_2.data,/home/ubuntu/correlations/continuous/chicago_taxi/queries_4_w100_uniform.dat,1000,sum,/home/ubuntu/correlations/continuous/chicago_taxi/chicago_taxi_a30.k1.4_2.outliers,196307,/home/ubuntu/correlations/continuous/chicago_taxi/chicago_taxi_a30.k1.4_2.mapping,/home/ubuntu/correlations/continuous/chicago_taxi/chicago_taxi_a30.k1.4_2.targets,,3994448,0,69907759889,2.02765e+07,4629986330
1597647937,chicago_taxi_a30.k1.4_3.uniform,/home/ubuntu/correlations/continuous/chicago_taxi/chicago_taxi_a30.k1.4_3.data,/home/ubuntu/correlations/continuous/chicago_taxi/queries_4_w100_uniform.dat,1000,sum,/home/ubuntu/correlations/continuous/chicago_taxi/chicago_taxi_a30.k1.4_3.outliers,169700,/home/ubuntu/correlations/continuous/chicago_taxi/chicago_taxi_a30.k1.4_3.mapping,/home/ubuntu/correlations/continuous/chicago_taxi/chicago_taxi_a30.k1.4_3.targets,,3095168,0,3158359616,4.15986e+07,9448878005
1597649067,chicago_taxi_a30.k1.5_3.uniform,/home/ubuntu/correlations/continuous/chicago_taxi/chicago_taxi_a30.k1.5_3.data,/home/ubuntu/correlations/continuous/chicago_taxi/queries_5_w100_uniform.dat,1000,sum,/home/ubuntu/correlations/continuous/chicago_taxi/chicago_taxi_a30.k1.5_3.outliers,132851,/home/ubuntu/correlations/continuous/chicago_taxi/chicago_taxi_a30.k1.5_3.mapping,/home/ubuntu/correlations/continuous/chicago_taxi/chicago_taxi_a30.k1.5_3.targets,,2220304,0,14837495741,6.01999e+07,13447738838
1597647109,chicago_taxi_a50.k1.2_3.uniform,/home/ubuntu/correlations/continuous/chicago_taxi/chicago_taxi_a50.k1.2_3.data,/home/ubuntu/correlations/continuous/chicago_taxi/queries_2_w60_uniform.dat,1000,sum,/home/ubuntu/correlations/continuous/chicago_taxi/chicago_taxi_a50.k1.2_3.outliers,180872,/home/ubuntu/correlations/continuous/chicago_taxi/chicago_taxi_a50.k1.2_3.mapping,/home/ubuntu/correlations/continuous/chicago_taxi/chicago_taxi_a50.k1.2_3.targets,,3455456,0,4637550794,6.40033e+07,14512867523
1597649724,chicago_taxi_a50.k1.4_2.uniform,/home/ubuntu/correlations/continuous/chicago_taxi/chicago_taxi_a50.k1.4_2.data,/home/ubuntu/correlations/continuous/chicago_taxi/queries_4_w100_uniform.dat,1000,sum,/home/ubuntu/correlations/continuous/chicago_taxi/chicago_taxi_a50.k1.4_2.outliers,140844,/home/ubuntu/correlations/continuous/chicago_taxi/chicago_taxi_a50.k1.4_2.mapping,/home/ubuntu/correlations/continuous/chicago_taxi/chicago_taxi_a50.k1.4_2.targets,,3110080,0,69907759889,2.28195e+07,5210453542
1597647998,chicago_taxi_a50.k1.4_3.uniform,/home/ubuntu/correlations/continuous/chicago_taxi/chicago_taxi_a50.k1.4_3.data,/home/ubuntu/correlations/continuous/chicago_taxi/queries_4_w100_uniform.dat,1000,sum,/home/ubuntu/correlations/continuous/chicago_taxi/chicago_taxi_a50.k1.4_3.outliers,108505,/home/ubuntu/correlations/continuous/chicago_taxi/chicago_taxi_a50.k1.4_3.mapping,/home/ubuntu/correlations/continuous/chicago_taxi/chicago_taxi_a50.k1.4_3.targets,,2119696,0,3158359616,4.61252e+07,10468304568
1597649148,chicago_taxi_a50.k1.5_3.uniform,/home/ubuntu/correlations/continuous/chicago_taxi/chicago_taxi_a50.k1.5_3.data,/home/ubuntu/correlations/continuous/chicago_taxi/queries_5_w100_uniform.dat,1000,sum,/home/ubuntu/correlations/continuous/chicago_taxi/chicago_taxi_a50.k1.5_3.outliers,108844,/home/ubuntu/correlations/continuous/chicago_taxi/chicago_taxi_a50.k1.5_3.mapping,/home/ubuntu/correlations/continuous/chicago_taxi/chicago_taxi_a50.k1.5_3.targets,,1837344,0,14837495741,6.55419e+07,14684236415
1597646762,chicago_taxi_a5.k1.2_3.uniform,/home/ubuntu/correlations/continuous/chicago_taxi/chicago_taxi_a5.k1.2_3.data,/home/ubuntu/correlations/continuous/chicago_taxi/queries_2_w60_uniform.dat,1000,sum,/home/ubuntu/correlations/continuous/chicago_taxi/chicago_taxi_a5.k1.2_3.outliers,577392,/home/ubuntu/correlations/continuous/chicago_taxi/chicago_taxi_a5.k1.2_3.mapping,/home/ubuntu/correlations/continuous/chicago_taxi/chicago_taxi_a5.k1.2_3.targets,,9748768,0,4637550794,4.41231e+07,10001458155
1597649555,chicago_taxi_a5.k1.4_2.uniform,/home/ubuntu/correlations/continuous/chicago_taxi/chicago_taxi_a5.k1.4_2.data,/home/ubuntu/correlations/continuous/chicago_taxi/queries_4_w100_uniform.dat,1000,sum,/home/ubuntu/correlations/continuous/chicago_taxi/chicago_taxi_a5.k1.4_2.outliers,730858,/home/ubuntu/correlations/continuous/chicago_taxi/chicago_taxi_a5.k1.4_2.mapping,/home/ubuntu/correlations/continuous/chicago_taxi/chicago_taxi_a5.k1.4_2.targets,,12522880,0,69907759889,1.49532e+07,3359442429
1597647736,chicago_taxi_a5.k1.4_3.uniform,/home/ubuntu/correlations/continuous/chicago_taxi/chicago_taxi_a5.k1.4_3.data,/home/ubuntu/correlations/continuous/chicago_taxi/queries_4_w100_uniform.dat,1000,sum,/home/ubuntu/correlations/continuous/chicago_taxi/chicago_taxi_a5.k1.4_3.outliers,643481,/home/ubuntu/correlations/continuous/chicago_taxi/chicago_taxi_a5.k1.4_3.mapping,/home/ubuntu/correlations/continuous/chicago_taxi/chicago_taxi_a5.k1.4_3.targets,,10665712,0,3158359616,2.32185e+07,5235284261
1597648803,chicago_taxi_a5.k1.5_3.uniform,/home/ubuntu/correlations/continuous/chicago_taxi/chicago_taxi_a5.k1.5_3.data,/home/ubuntu/correlations/continuous/chicago_taxi/queries_5_w100_uniform.dat,1000,sum,/home/ubuntu/correlations/continuous/chicago_taxi/chicago_taxi_a5.k1.5_3.outliers,622200,/home/ubuntu/correlations/continuous/chicago_taxi/chicago_taxi_a5.k1.5_3.mapping,/home/ubuntu/correlations/continuous/chicago_taxi/chicago_taxi_a5.k1.5_3.targets,,10038688,0,14837495741,3.42215e+07,7446190522
1597646662,chicago_taxi_cm.k1.2_3.uniform,/home/ubuntu/correlations/continuous/chicago_taxi/chicago_taxi_cm.k1.2_3.data,/home/ubuntu/correlations/continuous/chicago_taxi/queries_2_w60_uniform.dat,1000,sum,/home/ubuntu/correlations/continuous/chicago_taxi/chicago_taxi_cm.k1.2_3.outliers,0,/home/ubuntu/correlations/continuous/chicago_taxi/chicago_taxi_cm.k1.2_3.mapping,/home/ubuntu/correlations/continuous/chicago_taxi/chicago_taxi_cm.k1.2_3.targets,,751520,0,4637550794,7.85429e+08,184299335761
1597649501,chicago_taxi_cm.k1.4_2.uniform,/home/ubuntu/correlations/continuous/chicago_taxi/chicago_taxi_cm.k1.4_2.data,/home/ubuntu/correlations/continuous/chicago_taxi/queries_4_w100_uniform.dat,1000,sum,/home/ubuntu/correlations/continuous/chicago_taxi/chicago_taxi_cm.k1.4_2.outliers,0,/home/ubuntu/correlations/continuous/chicago_taxi/chicago_taxi_cm.k1.4_2.mapping,/home/ubuntu/correlations/continuous/chicago_taxi/chicago_taxi_cm.k1.4_2.targets,,1067360,0,69907759889,2.3798e+08,54865196377
1597647671,chicago_taxi_cm.k1.4_3.uniform,/home/ubuntu/correlations/continuous/chicago_taxi/chicago_taxi_cm.k1.4_3.data,/home/ubuntu/correlations/continuous/chicago_taxi/queries_4_w100_uniform.dat,1000,sum,/home/ubuntu/correlations/continuous/chicago_taxi/chicago_taxi_cm.k1.4_3.outliers,0,/home/ubuntu/correlations/continuous/chicago_taxi/chicago_taxi_cm.k1.4_3.mapping,/home/ubuntu/correlations/continuous/chicago_taxi/chicago_taxi_cm.k1.4_3.targets,,507872,0,3158359616,4.54055e+08,103899373213
1597648711,chicago_taxi_cm.k1.5_3.uniform,/home/ubuntu/correlations/continuous/chicago_taxi/chicago_taxi_cm.k1.5_3.data,/home/ubuntu/correlations/continuous/chicago_taxi/queries_5_w100_uniform.dat,1000,sum,/home/ubuntu/correlations/continuous/chicago_taxi/chicago_taxi_cm.k1.5_3.outliers,0,/home/ubuntu/correlations/continuous/chicago_taxi/chicago_taxi_cm.k1.5_3.mapping,/home/ubuntu/correlations/continuous/chicago_taxi/chicago_taxi_cm.k1.5_3.targets,,123808,0,14837495741,5.81736e+08,132700644758
1597645873,chicago_taxi_secondary.2_3.uniform,/home/ubuntu/correlations/continuous/chicago_taxi/chicago_taxi_cm.k1.2_3.data,/home/ubuntu/correlations/continuous/chicago_taxi/queries_2_w60_uniform.dat,1000,sum,,0,,,,1552556072,0,4637550794,1.81889e+07,127299201
1597649259,chicago_taxi_secondary.4_2.uniform,/home/ubuntu/correlations/continuous/chicago_taxi/chicago_taxi_cm.k1.4_2.data,/home/ubuntu/correlations/continuous/chicago_taxi/queries_4_w100_uniform.dat,1000,sum,,0,,,,1552556072,0,69907759889,1.12773e+07,74089973
1597647212,chicago_taxi_secondary.4_3.uniform,/home/ubuntu/correlations/continuous/chicago_taxi/chicago_taxi_cm.k1.4_3.data,/home/ubuntu/correlations/continuous/chicago_taxi/queries_4_w100_uniform.dat,1000,sum,,0,,,,1552556072,0,3158359616,1.09916e+07,74089973
1597648126,chicago_taxi_secondary.5_3.uniform,/home/ubuntu/correlations/continuous/chicago_taxi/chicago_taxi_cm.k1.5_3.data,/home/ubuntu/correlations/continuous/chicago_taxi/queries_5_w100_uniform.dat,1000,sum,,0,,,,1552556072,0,14837495741,5.2398e+07,436902838
1597652626,msft_buildings_a10.k1.1_2.uniform,/home/ubuntu/correlations/continuous/msft_buildings/msft_buildings_a10.k1.1_2.data,/home/ubuntu/correlations/continuous/msft_buildings/queries_1_w30000_uniform.dat,1000,sum,/home/ubuntu/correlations/continuous/msft_buildings/msft_buildings_a10.k1.1_2.outliers,1759019,/home/ubuntu/correlations/continuous/msft_buildings/msft_buildings_a10.k1.1_2.mapping,/home/ubuntu/correlations/continuous/msft_buildings/msft_buildings_a10.k1.1_2.targets,,30572656,0,2281235522973185,1.84117e+08,43248824121
1597650709,msft_buildings_a10.k1.2_1.uniform,/home/ubuntu/correlations/continuous/msft_buildings/msft_buildings_a10.k1.2_1.data,/home/ubuntu/correlations/continuous/msft_buildings/queries_2_w30000_uniform.dat,1000,sum,/home/ubuntu/correlations/continuous/msft_buildings/msft_buildings_a10.k1.2_1.outliers,1677280,/home/ubuntu/correlations/continuous/msft_buildings/msft_buildings_a10.k1.2_1.mapping,/home/ubuntu/correlations/continuous/msft_buildings/msft_buildings_a10.k1.2_1.targets,,29805664,0,-11900128249222484,1.83717e+08,43097076180
1597652838,msft_buildings_a15.k1.1_2.uniform,/home/ubuntu/correlations/continuous/msft_buildings/msft_buildings_a15.k1.1_2.data,/home/ubuntu/correlations/continuous/msft_buildings/queries_1_w30000_uniform.dat,1000,sum,/home/ubuntu/correlations/continuous/msft_buildings/msft_buildings_a15.k1.1_2.outliers,983902,/home/ubuntu/correlations/continuous/msft_buildings/msft_buildings_a15.k1.1_2.mapping,/home/ubuntu/correlations/continuous/msft_buildings/msft_buildings_a15.k1.1_2.targets,,18155104,0,2281235522973185,2.02958e+08,47592223843
1597650918,msft_buildings_a15.k1.2_1.uniform,/home/ubuntu/correlations/continuous/msft_buildings/msft_buildings_a15.k1.2_1.data,/home/ubuntu/correlations/continuous/msft_buildings/queries_2_w30000_uniform.dat,1000,sum,/home/ubuntu/correlations/continuous/msft_buildings/msft_buildings_a15.k1.2_1.outliers,822221,/home/ubuntu/correlations/continuous/msft_buildings/msft_buildings_a15.k1.2_1.mapping,/home/ubuntu/correlations/continuous/msft_buildings/msft_buildings_a15.k1.2_1.targets,,16034448,0,-11900128249222484,1.99668e+08,47036651275
1597652281,msft_buildings_a1.k1.1_2.uniform,/home/ubuntu/correlations/continuous/msft_buildings/msft_buildings_a1.k1.1_2.data,/home/ubuntu/correlations/continuous/msft_buildings/queries_1_w30000_uniform.dat,1000,sum,/home/ubuntu/correlations/continuous/msft_buildings/msft_buildings_a1.k1.1_2.outliers,22735713,/home/ubuntu/correlations/continuous/msft_buildings/msft_buildings_a1.k1.1_2.mapping,/home/ubuntu/correlations/continuous/msft_buildings/msft_buildings_a1.k1.1_2.targets,,365323536,0,2281235522973185,4.84252e+07,11364418530
1597650367,msft_buildings_a1.k1.2_1.uniform,/home/ubuntu/correlations/continuous/msft_buildings/msft_buildings_a1.k1.2_1.data,/home/ubuntu/correlations/continuous/msft_buildings/queries_2_w30000_uniform.dat,1000,sum,/home/ubuntu/correlations/continuous/msft_buildings/msft_buildings_a1.k1.2_1.outliers,25063622,/home/ubuntu/correlations/continuous/msft_buildings/msft_buildings_a1.k1.2_1.mapping,/home/ubuntu/correlations/continuous/msft_buildings/msft_buildings_a1.k1.2_1.targets,,402546976,0,-11900128249222484,4.31531e+07,10052405314
1597653061,msft_buildings_a20.k1.1_2.uniform,/home/ubuntu/correlations/continuous/msft_buildings/msft_buildings_a20.k1.1_2.data,/home/ubuntu/correlations/continuous/msft_buildings/queries_1_w30000_uniform.dat,1000,sum,/home/ubuntu/correlations/continuous/msft_buildings/msft_buildings_a20.k1.1_2.outliers,655143,/home/ubuntu/correlations/continuous/msft_buildings/msft_buildings_a20.k1.1_2.mapping,/home/ubuntu/correlations/continuous/msft_buildings/msft_buildings_a20.k1.1_2.targets,,12903312,0,2281235522973185,2.13394e+08,50223296252
1597651137,msft_buildings_a20.k1.2_1.uniform,/home/ubuntu/correlations/continuous/msft_buildings/msft_buildings_a20.k1.2_1.data,/home/ubuntu/correlations/continuous/msft_buildings/queries_2_w30000_uniform.dat,1000,sum,/home/ubuntu/correlations/continuous/msft_buildings/msft_buildings_a20.k1.2_1.outliers,493443,/home/ubuntu/correlations/continuous/msft_buildings/msft_buildings_a20.k1.2_1.mapping,/home/ubuntu/correlations/continuous/msft_buildings/msft_buildings_a20.k1.2_1.targets,,10706704,0,-11900128249222484,2.09316e+08,49086028964
1597653297,msft_buildings_a30.k1.1_2.uniform,/home/ubuntu/correlations/continuous/msft_buildings/msft_buildings_a30.k1.1_2.data,/home/ubuntu/correlations/continuous/msft_buildings/queries_1_w30000_uniform.dat,1000,sum,/home/ubuntu/correlations/continuous/msft_buildings/msft_buildings_a30.k1.1_2.outliers,369428,/home/ubuntu/correlations/continuous/msft_buildings/msft_buildings_a30.k1.1_2.mapping,/home/ubuntu/correlations/continuous/msft_buildings/msft_buildings_a30.k1.1_2.targets,,8365312,0,2281235522973185,2.27559e+08,53575077189
1597651365,msft_buildings_a30.k1.2_1.uniform,/home/ubuntu/correlations/continuous/msft_buildings/msft_buildings_a30.k1.2_1.data,/home/ubuntu/correlations/continuous/msft_buildings/queries_2_w30000_uniform.dat,1000,sum,/home/ubuntu/correlations/continuous/msft_buildings/msft_buildings_a30.k1.2_1.outliers,246402,/home/ubuntu/correlations/continuous/msft_buildings/msft_buildings_a30.k1.2_1.mapping,/home/ubuntu/correlations/continuous/msft_buildings/msft_buildings_a30.k1.2_1.targets,,6660736,0,-11900128249222484,2.18279e+08,51187784190
1597653548,msft_buildings_a50.k1.1_2.uniform,/home/ubuntu/correlations/continuous/msft_buildings/msft_buildings_a50.k1.1_2.data,/home/ubuntu/correlations/continuous/msft_buildings/queries_1_w30000_uniform.dat,1000,sum,/home/ubuntu/correlations/continuous/msft_buildings/msft_buildings_a50.k1.1_2.outliers,177707,/home/ubuntu/correlations/continuous/msft_buildings/msft_buildings_a50.k1.1_2.mapping,/home/ubuntu/correlations/continuous/msft_buildings/msft_buildings_a50.k1.1_2.targets,,5347760,0,2281235522973185,2.41245e+08,57189823992
1597651601,msft_buildings_a50.k1.2_1.uniform,/home/ubuntu/correlations/continuous/msft_buildings/msft_buildings_a50.k1.2_1.data,/home/ubuntu/correlations/continuous/msft_buildings/queries_2_w30000_uniform.dat,1000,sum,/home/ubuntu/correlations/continuous/msft_buildings/msft_buildings_a50.k1.2_1.outliers,107469,/home/ubuntu/correlations/continuous/msft_buildings/msft_buildings_a50.k1.2_1.mapping,/home/ubuntu/correlations/continuous/msft_buildings/msft_buildings_a50.k1.2_1.targets,,4342448,0,-11900128249222484,2.26236e+08,52996364781
1597652432,msft_buildings_a5.k1.1_2.uniform,/home/ubuntu/correlations/continuous/msft_buildings/msft_buildings_a5.k1.1_2.data,/home/ubuntu/correlations/continuous/msft_buildings/queries_1_w30000_uniform.dat,1000,sum,/home/ubuntu/correlations/continuous/msft_buildings/msft_buildings_a5.k1.1_2.outliers,4639920,/home/ubuntu/correlations/continuous/msft_buildings/msft_buildings_a5.k1.1_2.mapping,/home/ubuntu/correlations/continuous/msft_buildings/msft_buildings_a5.k1.1_2.targets,,76629088,0,2281235522973185,1.41433e+08,33298112539
1597650516,msft_buildings_a5.k1.2_1.uniform,/home/ubuntu/correlations/continuous/msft_buildings/msft_buildings_a5.k1.2_1.data,/home/ubuntu/correlations/continuous/msft_buildings/queries_2_w30000_uniform.dat,1000,sum,/home/ubuntu/correlations/continuous/msft_buildings/msft_buildings_a5.k1.2_1.outliers,5219846,/home/ubuntu/correlations/continuous/msft_buildings/msft_buildings_a5.k1.2_1.mapping,/home/ubuntu/correlations/continuous/msft_buildings/msft_buildings_a5.k1.2_1.targets,,86429120,0,-11900128249222484,1.39388e+08,32750779799
1597652222,msft_buildings_cm.k1.1_2.uniform,/home/ubuntu/correlations/continuous/msft_buildings/msft_buildings_cm.k1.1_2.data,/home/ubuntu/correlations/continuous/msft_buildings/queries_1_w30000_uniform.dat,1000,sum,/home/ubuntu/correlations/continuous/msft_buildings/msft_buildings_cm.k1.1_2.outliers,0,/home/ubuntu/correlations/continuous/msft_buildings/msft_buildings_cm.k1.1_2.mapping,/home/ubuntu/correlations/continuous/msft_buildings/msft_buildings_cm.k1.1_2.targets,,2651712,0,2281235522973185,2.82995e+08,66851915415
1597650313,msft_buildings_cm.k1.2_1.uniform,/home/ubuntu/correlations/continuous/msft_buildings/msft_buildings_cm.k1.2_1.data,/home/ubuntu/correlations/continuous/msft_buildings/queries_2_w30000_uniform.dat,1000,sum,/home/ubuntu/correlations/continuous/msft_buildings/msft_buildings_cm.k1.2_1.outliers,0,/home/ubuntu/correlations/continuous/msft_buildings/msft_buildings_cm.k1.2_1.mapping,/home/ubuntu/correlations/continuous/msft_buildings/msft_buildings_cm.k1.2_1.targets,,2499360,0,-11900128249222484,2.41615e+08,57038951237
1597651936,msft_buildings_secondary.1_2.uniform,/home/ubuntu/correlations/continuous/msft_buildings/msft_buildings_cm.k1.1_2.data,/home/ubuntu/correlations/continuous/msft_buildings/queries_1_w30000_uniform.dat,1000,sum,,0,,,,1001537472,0,2281235522973185,2.26787e+07,60336944
1597650068,msft_buildings_secondary.2_1.uniform,/home/ubuntu/correlations/continuous/msft_buildings/msft_buildings_cm.k1.2_1.data,/home/ubuntu/correlations/continuous/msft_buildings/queries_2_w30000_uniform.dat,1000,sum,,0,,,,1001537472,0,-11900128249222484,3.917e+07,129899194
1597653661,stocks_a10.k1.3_2.uniform,/home/ubuntu/correlations/continuous/stocks/stocks_a10.k1.3_2.data,/home/ubuntu/correlations/continuous/stocks/queries_3_w100_uniform.dat,1000,sum,/home/ubuntu/correlations/continuous/stocks/stocks_a10.k1.3_2.outliers,681071,/home/ubuntu/correlations/continuous/stocks/stocks_a10.k1.3_2.mapping,/home/ubuntu/correlations/continuous/stocks/stocks_a10.k1.3_2.targets,,12547536,0,276011412052,53722.2,9865650
1597653815,stocks_a10.k1.3_4.uniform,/home/ubuntu/correlations/continuous/stocks/stocks_a10.k1.3_4.data,/home/ubuntu/correlations/continuous/stocks/queries_3_w100_uniform.dat,1000,sum,/home/ubuntu/correlations/continuous/stocks/stocks_a10.k1.3_4.outliers,476697,/home/ubuntu/correlations/continuous/stocks/stocks_a10.k1.3_4.mapping,/home/ubuntu/correlations/continuous/stocks/stocks_a10.k1.3_4.targets,,9061264,0,275707460990,47150.2,7940212
1597653972,stocks_a10.k1.5_4.uniform,/home/ubuntu/correlations/continuous/stocks/stocks_a10.k1.5_4.data,/home/ubuntu/correlations/continuous/stocks/queries_5_w100_uniform.dat,1000,sum,/home/ubuntu/correlations/continuous/stocks/stocks_a10.k1.5_4.outliers,345128,/home/ubuntu/correlations/continuous/stocks/stocks_a10.k1.5_4.mapping,/home/ubuntu/correlations/continuous/stocks/stocks_a10.k1.5_4.targets,,7231168,0,121593877505,268786,51604896
1597653674,stocks_a15.k1.3_2.uniform,/home/ubuntu/correlations/continuous/stocks/stocks_a15.k1.3_2.data,/home/ubuntu/correlations/continuous/stocks/queries_3_w100_uniform.dat,1000,sum,/home/ubuntu/correlations/continuous/stocks/stocks_a15.k1.3_2.outliers,572954,/home/ubuntu/correlations/continuous/stocks/stocks_a15.k1.3_2.mapping,/home/ubuntu/correlations/continuous/stocks/stocks_a15.k1.3_2.targets,,10857056,0,276011412052,58522.1,10956439
1597653827,stocks_a15.k1.3_4.uniform,/home/ubuntu/correlations/continuous/stocks/stocks_a15.k1.3_4.data,/home/ubuntu/correlations/continuous/stocks/queries_3_w100_uniform.dat,1000,sum,/home/ubuntu/correlations/continuous/stocks/stocks_a15.k1.3_4.outliers,384512,/home/ubuntu/correlations/continuous/stocks/stocks_a15.k1.3_4.mapping,/home/ubuntu/correlations/continuous/stocks/stocks_a15.k1.3_4.targets,,7615712,0,275707460990,48822.4,8812819
1597653984,stocks_a15.k1.5_4.uniform,/home/ubuntu/correlations/continuous/stocks/stocks_a15.k1.5_4.data,/home/ubuntu/correlations/continuous/stocks/queries_5_w100_uniform.dat,1000,sum,/home/ubuntu/correlations/continuous/stocks/stocks_a15.k1.5_4.outliers,265260,/home/ubuntu/correlations/continuous/stocks/stocks_a15.k1.5_4.mapping,/home/ubuntu/correlations/continuous/stocks/stocks_a15.k1.5_4.targets,,5982272,0,121593877505,278489,54139841
1597653636,stocks_a1.k1.3_2.uniform,/home/ubuntu/correlations/continuous/stocks/stocks_a1.k1.3_2.data,/home/ubuntu/correlations/continuous/stocks/queries_3_w100_uniform.dat,1000,sum,/home/ubuntu/correlations/continuous/stocks/stocks_a1.k1.3_2.outliers,5023267,/home/ubuntu/correlations/continuous/stocks/stocks_a1.k1.3_2.mapping,/home/ubuntu/correlations/continuous/stocks/stocks_a1.k1.3_2.targets,,81579568,0,276011412052,33498.4,5391367
1597653790,stocks_a1.k1.3_4.uniform,/home/ubuntu/correlations/continuous/stocks/stocks_a1.k1.3_4.data,/home/ubuntu/correlations/continuous/stocks/queries_3_w100_uniform.dat,1000,sum,/home/ubuntu/correlations/continuous/stocks/stocks_a1.k1.3_4.outliers,4425397,/home/ubuntu/correlations/continuous/stocks/stocks_a1.k1.3_4.mapping,/home/ubuntu/correlations/continuous/stocks/stocks_a1.k1.3_4.targets,,71925712,0,275707460990,28865.7,4183953
1597653947,stocks_a1.k1.5_4.uniform,/home/ubuntu/correlations/continuous/stocks/stocks_a1.k1.5_4.data,/home/ubuntu/correlations/continuous/stocks/queries_5_w100_uniform.dat,1000,sum,/home/ubuntu/correlations/continuous/stocks/stocks_a1.k1.5_4.outliers,3329588,/home/ubuntu/correlations/continuous/stocks/stocks_a1.k1.5_4.mapping,/home/ubuntu/correlations/continuous/stocks/stocks_a1.k1.5_4.targets,,54618400,0,121593877505,166090,26662392
1597653686,stocks_a20.k1.3_2.uniform,/home/ubuntu/correlations/continuous/stocks/stocks_a20.k1.3_2.data,/home/ubuntu/correlations/continuous/stocks/queries_3_w100_uniform.dat,1000,sum,/home/ubuntu/correlations/continuous/stocks/stocks_a20.k1.3_2.outliers,452578,/home/ubuntu/correlations/continuous/stocks/stocks_a20.k1.3_2.mapping,/home/ubuntu/correlations/continuous/stocks/stocks_a20.k1.3_2.targets,,8959040,0,276011412052,61602.1,11659929
1597653839,stocks_a20.k1.3_4.uniform,/home/ubuntu/correlations/continuous/stocks/stocks_a20.k1.3_4.data,/home/ubuntu/correlations/continuous/stocks/queries_3_w100_uniform.dat,1000,sum,/home/ubuntu/correlations/continuous/stocks/stocks_a20.k1.3_4.outliers,330608,/home/ubuntu/correlations/continuous/stocks/stocks_a20.k1.3_4.mapping,/home/ubuntu/correlations/continuous/stocks/stocks_a20.k1.3_4.targets,,6775008,0,275707460990,50824.9,9234155
1597653997,stocks_a20.k1.5_4.uniform,/home/ubuntu/correlations/continuous/stocks/stocks_a20.k1.5_4.data,/home/ubuntu/correlations/continuous/stocks/queries_5_w100_uniform.dat,1000,sum,/home/ubuntu/correlations/continuous/stocks/stocks_a20.k1.5_4.outliers,231320,/home/ubuntu/correlations/continuous/stocks/stocks_a20.k1.5_4.mapping,/home/ubuntu/correlations/continuous/stocks/stocks_a20.k1.5_4.targets,,5457248,0,121593877505,292449,56041656
1597653699,stocks_a30.k1.3_2.uniform,/home/ubuntu/correlations/continuous/stocks/stocks_a30.k1.3_2.data,/home/ubuntu/correlations/continuous/stocks/queries_3_w100_uniform.dat,1000,sum,/home/ubuntu/correlations/continuous/stocks/stocks_a30.k1.3_2.outliers,349505,/home/ubuntu/correlations/continuous/stocks/stocks_a30.k1.3_2.mapping,/home/ubuntu/correlations/continuous/stocks/stocks_a30.k1.3_2.targets,,7346800,0,276011412052,70503.4,12920413
1597653852,stocks_a30.k1.3_4.uniform,/home/ubuntu/correlations/continuous/stocks/stocks_a30.k1.3_4.data,/home/ubuntu/correlations/continuous/stocks/queries_3_w100_uniform.dat,1000,sum,/home/ubuntu/correlations/continuous/stocks/stocks_a30.k1.3_4.outliers,268749,/home/ubuntu/correlations/continuous/stocks/stocks_a30.k1.3_4.mapping,/home/ubuntu/correlations/continuous/stocks/stocks_a30.k1.3_4.targets,,5810960,0,275707460990,61357.7,10481773
1597654009,stocks_a30.k1.5_4.uniform,/home/ubuntu/correlations/continuous/stocks/stocks_a30.k1.5_4.data,/home/ubuntu/correlations/continuous/stocks/queries_5_w100_uniform.dat,1000,sum,/home/ubuntu/correlations/continuous/stocks/stocks_a30.k1.5_4.outliers,183067,/home/ubuntu/correlations/continuous/stocks/stocks_a30.k1.5_4.mapping,/home/ubuntu/correlations/continuous/stocks/stocks_a30.k1.5_4.targets,,4712976,0,121593877505,301279,59674886
1597653711,stocks_a50.k1.3_2.uniform,/home/ubuntu/correlations/continuous/stocks/stocks_a50.k1.3_2.data,/home/ubuntu/correlations/continuous/stocks/queries_3_w100_uniform.dat,1000,sum,/home/ubuntu/correlations/continuous/stocks/stocks_a50.k1.3_2.outliers,249064,/home/ubuntu/correlations/continuous/stocks/stocks_a50.k1.3_2.mapping,/home/ubuntu/correlations/continuous/stocks/stocks_a50.k1.3_2.targets,,5770432,0,276011412052,73167,14620060
1597653864,stocks_a50.k1.3_4.uniform,/home/ubuntu/correlations/continuous/stocks/stocks_a50.k1.3_4.data,/home/ubuntu/correlations/continuous/stocks/queries_3_w100_uniform.dat,1000,sum,/home/ubuntu/correlations/continuous/stocks/stocks_a50.k1.3_4.outliers,200941,/home/ubuntu/correlations/continuous/stocks/stocks_a50.k1.3_4.mapping,/home/ubuntu/correlations/continuous/stocks/stocks_a50.k1.3_4.targets,,4747536,0,275707460990,65126,12367703
1597654021,stocks_a50.k1.5_4.uniform,/home/ubuntu/correlations/continuous/stocks/stocks_a50.k1.5_4.data,/home/ubuntu/correlations/continuous/stocks/queries_5_w100_uniform.dat,1000,sum,/home/ubuntu/correlations/continuous/stocks/stocks_a50.k1.5_4.outliers,123091,/home/ubuntu/correlations/continuous/stocks/stocks_a50.k1.5_4.mapping,/home/ubuntu/correlations/continuous/stocks/stocks_a50.k1.5_4.targets,,3781680,0,121593877505,333624,65930273
1597653649,stocks_a5.k1.3_2.uniform,/home/ubuntu/correlations/continuous/stocks/stocks_a5.k1.3_2.data,/home/ubuntu/correlations/continuous/stocks/queries_3_w100_uniform.dat,1000,sum,/home/ubuntu/correlations/continuous/stocks/stocks_a5.k1.3_2.outliers,1025336,/home/ubuntu/correlations/continuous/stocks/stocks_a5.k1.3_2.mapping,/home/ubuntu/correlations/continuous/stocks/stocks_a5.k1.3_2.targets,,17949536,0,276011412052,46187.5,8141586
1597653803,stocks_a5.k1.3_4.uniform,/home/ubuntu/correlations/continuous/stocks/stocks_a5.k1.3_4.data,/home/ubuntu/correlations/continuous/stocks/queries_3_w100_uniform.dat,1000,sum,/home/ubuntu/correlations/continuous/stocks/stocks_a5.k1.3_4.outliers,899355,/home/ubuntu/correlations/continuous/stocks/stocks_a5.k1.3_4.mapping,/home/ubuntu/correlations/continuous/stocks/stocks_a5.k1.3_4.targets,,15749744,0,275707460990,39844.2,6590232
1597653960,stocks_a5.k1.5_4.uniform,/home/ubuntu/correlations/continuous/stocks/stocks_a5.k1.5_4.data,/home/ubuntu/correlations/continuous/stocks/queries_5_w100_uniform.dat,1000,sum,/home/ubuntu/correlations/continuous/stocks/stocks_a5.k1.5_4.outliers,603925,/home/ubuntu/correlations/continuous/stocks/stocks_a5.k1.5_4.mapping,/home/ubuntu/correlations/continuous/stocks/stocks_a5.k1.5_4.targets,,11298736,0,121593877505,248900,46467911
1597653623,stocks_cm.k1.3_2.uniform,/home/ubuntu/correlations/continuous/stocks/stocks_cm.k1.3_2.data,/home/ubuntu/correlations/continuous/stocks/queries_3_w100_uniform.dat,1000,sum,/home/ubuntu/correlations/continuous/stocks/stocks_cm.k1.3_2.outliers,0,/home/ubuntu/correlations/continuous/stocks/stocks_cm.k1.3_2.mapping,/home/ubuntu/correlations/continuous/stocks/stocks_cm.k1.3_2.targets,,1890848,0,276011412052,148031,31983785
1597653778,stocks_cm.k1.3_4.uniform,/home/ubuntu/correlations/continuous/stocks/stocks_cm.k1.3_4.data,/home/ubuntu/correlations/continuous/stocks/queries_3_w100_uniform.dat,1000,sum,/home/ubuntu/correlations/continuous/stocks/stocks_cm.k1.3_4.outliers,0,/home/ubuntu/correlations/continuous/stocks/stocks_cm.k1.3_4.mapping,/home/ubuntu/correlations/continuous/stocks/stocks_cm.k1.3_4.targets,,1616672,0,275707460990,203083,43550661
1597653935,stocks_cm.k1.5_4.uniform,/home/ubuntu/correlations/continuous/stocks/stocks_cm.k1.5_4.data,/home/ubuntu/correlations/continuous/stocks/queries_5_w100_uniform.dat,1000,sum,/home/ubuntu/correlations/continuous/stocks/stocks_cm.k1.5_4.outliers,0,/home/ubuntu/correlations/continuous/stocks/stocks_cm.k1.5_4.mapping,/home/ubuntu/correlations/continuous/stocks/stocks_cm.k1.5_4.targets,,1886880,0,121593877505,3.92199e+06,910050748
1597653620,stocks_secondary.3_2.uniform,/home/ubuntu/correlations/continuous/stocks/stocks_cm.k1.3_2.data,/home/ubuntu/correlations/continuous/stocks/queries_3_w100_uniform.dat,1000,sum,,0,,,,1325559272,0,276011412052,215931,1432790
1597653774,stocks_secondary.3_4.uniform,/home/ubuntu/correlations/continuous/stocks/stocks_cm.k1.3_4.data,/home/ubuntu/correlations/continuous/stocks/queries_3_w100_uniform.dat,1000,sum,,0,,,,1325559272,0,275707460990,207952,1432790
1597653928,stocks_secondary.5_4.uniform,/home/ubuntu/correlations/continuous/stocks/stocks_cm.k1.5_4.data,/home/ubuntu/correlations/continuous/stocks/queries_5_w100_uniform.dat,1000,sum,,0,,,,1325559272,0,121593877505,891565,8299962
